rate_date,file_path,row_count,currencies
2025-07-08,fx_daily/2025/07/fx_20250708.csv,2,EUR|USD
2025-07-09,fx_daily/2025/07/fx_20250709.csv,2,EUR|USD
2025-07-11,fx_daily/2025/07/fx_20250711.csv,2,EUR|USD
2025-07-14,fx_daily/2025/07/fx_20250714.csv,2,EUR|USD
2025-07-15,fx_daily/2025/07/fx_20250715.csv,2,EUR|USD
2025-07-16,fx_daily/2025/07/fx_20250716.csv,2,EUR|USD
2025-07-17,fx_daily/2025/07/fx_20250717.csv,2,EUR|USD
2025-07-18,fx_daily/2025/07/fx_20250718.csv,2,EUR|USD
2025-07-21,fx_daily/2025/07/fx_20250721.csv,2,EUR|USD
2025-07-22,fx_daily/2025/07/fx_20250722.csv,2,EUR|USD
2025-07-23,fx_daily/2025/07/fx_20250723.csv,2,EUR|USD
2025-07-24,fx_daily/2025/07/fx_20250724.csv,2,EUR|USD
2025-07-25,fx_daily/2025/07/fx_20250725.csv,2,EUR|USD
2025-07-29,fx_daily/2025/07/fx_20250729.csv,2,EUR|USD
2025-07-30,fx_daily/2025/07/fx_20250730.csv,2,EUR|USD
2025-07-31,fx_daily/2025/07/fx_20250731.csv,2,EUR|USD
2025-08-01,fx_daily/2025/08/fx_20250801.csv,2,EUR|USD
2025-08-04,fx_daily/2025/08/fx_20250804.csv,2,EUR|USD
2025-08-05,fx_daily/2025/08/fx_20250805.csv,2,EUR|USD
2025-08-06,fx_daily/2025/08/fx_20250806.csv,2,EUR|USD
2025-08-07,fx_daily/2025/08/fx_20250807.csv,2,EUR|USD
2025-08-08,fx_daily/2025/08/fx_20250808.csv,2,EUR|USD
2025-08-13,fx_daily/2025/08/fx_20250813.csv,2,EUR|USD
2025-08-14,fx_daily/2025/08/fx_20250814.csv,2,EUR|USD
2025-08-15,fx_daily/2025/08/fx_20250815.csv,2,EUR|USD
2025-08-18,fx_daily/2025/08/fx_20250818.csv,2,EUR|USD
2025-08-19,fx_daily/2025/08/fx_20250819.csv,2,EUR|USD
2025-08-20,fx_daily/2025/08/fx_20250820.csv,2,EUR|USD
2025-08-21,fx_daily/2025/08/fx_20250821.csv,2,EUR|USD
2025-08-22,fx_daily/2025/08/fx_20250822.csv,2,EUR|USD
2025-08-25,fx_daily/2025/08/fx_20250825.csv,2,EUR|USD
2025-08-26,fx_daily/2025/08/fx_20250826.csv,2,EUR|USD
2025-08-27,fx_daily/2025/08/fx_20250827.csv,2,EUR|USD
2025-08-28,fx_daily/2025/08/fx_20250828.csv,2,EUR|USD
2025-08-29,fx_daily/2025/08/fx_20250829.csv,2,EUR|USD
2025-09-01,fx_daily/2025/09/fx_20250901.csv,2,EUR|USD
2025-09-02,fx_daily/2025/09/fx_20250902.csv,2,EUR|USD
2025-09-03,fx_daily/2025/09/fx_20250903.csv,2,EUR|USD
2025-09-04,fx_daily/2025/09/fx_20250904.csv,2,EUR|USD
2025-09-05,fx_daily/2025/09/fx_20250905.csv,2,EUR|USD
2025-09-08,fx_daily/2025/09/fx_20250908.csv,2,EUR|USD
2025-09-09,fx_daily/2025/09/fx_20250909.csv,2,EUR|USD
2025-09-10,fx_daily/2025/09/fx_20250910.csv,2,EUR|USD
2025-09-11,fx_daily/2025/09/fx_20250911.csv,2,EUR|USD
2025-09-12,fx_daily/2025/09/fx_20250912.csv,2,EUR|USD
2025-09-15,fx_daily/2025/09/fx_20250915.csv,2,EUR|USD
2025-09-16,fx_daily/2025/09/fx_20250916.csv,2,EUR|USD
2025-09-17,fx_daily/2025/09/fx_20250917.csv,2,EUR|USD
2025-09-18,fx_daily/2025/09/fx_20250918.csv,2,EUR|USD
2025-09-19,fx_daily/2025/09/fx_20250919.csv,2,EUR|USD
2025-09-22,fx_daily/2025/09/fx_20250922.csv,2,EUR|USD
2025-09-23,fx_daily/2025/09/fx_20250923.csv,2,EUR|USD
2025-09-24,fx_daily/2025/09/fx_20250924.csv,2,EUR|USD
2025-09-25,fx_daily/2025/09/fx_20250925.csv,2,EUR|USD
2025-09-26,fx_daily/2025/09/fx_20250926.csv,2,EUR|USD
2025-09-29,fx_daily/2025/09/fx_20250929.csv,2,EUR|USD
2025-09-30,fx_daily/2025/09/fx_20250930.csv,2,EUR|USD
2025-10-01,fx_daily/2025/10/fx_20251001.csv,2,EUR|USD
2025-10-02,fx_daily/2025/10/fx_20251002.csv,2,EUR|USD
2025-10-03,fx_daily/2025/10/fx_20251003.csv,2,EUR|USD
2025-10-06,fx_daily/2025/10/fx_20251006.csv,2,EUR|USD
2025-10-07,fx_daily/2025/10/fx_20251007.csv,2,EUR|USD
2025-10-08,fx_daily/2025/10/fx_20251008.csv,2,EUR|USD
2025-10-09,fx_daily/2025/10/fx_20251009.csv,2,EUR|USD
2025-10-10,fx_daily/2025/10/fx_20251010.csv,2,EUR|USD
2025-10-14,fx_daily/2025/10/fx_20251014.csv,2,EUR|USD
2025-10-15,fx_daily/2025/10/fx_20251015.csv,2,EUR|USD
2025-10-16,fx_daily/2025/10/fx_20251016.csv,2,EUR|USD
2025-10-17,fx_daily/2025/10/fx_20251017.csv,2,EUR|USD
2025-10-20,fx_daily/2025/10/fx_20251020.csv,2,EUR|USD
2025-10-21,fx_daily/2025/10/fx_20251021.csv,2,EUR|USD
2025-10-22,fx_daily/2025/10/fx_20251022.csv,2,EUR|USD
2025-10-24,fx_daily/2025/10/fx_20251024.csv,2,EUR|USD
2025-10-27,fx_daily/2025/10/fx_20251027.csv,2,EUR|USD
2025-10-28,fx_daily/2025/10/fx_20251028.csv,2,EUR|USD
2025-10-29,fx_daily/2025/10/fx_20251029.csv,2,EUR|USD
2025-10-30,fx_daily/2025/10/fx_20251030.csv,2,EUR|USD
2025-10-31,fx_daily/2025/10/fx_20251031.csv,2,EUR|USD
2025-11-03,fx_daily/2025/11/fx_20251103.csv,2,EUR|USD
2025-11-04,fx_daily/2025/11/fx_20251104.csv,2,EUR|USD
2025-11-05,fx_daily/2025/11/fx_20251105.csv,2,EUR|USD
2025-11-06,fx_daily/2025/11/fx_20251106.csv,2,EUR|USD
2025-11-07,fx_daily/2025/11/fx_20251107.csv,2,EUR|USD
2025-11-10,fx_daily/2025/11/fx_20251110.csv,2,EUR|USD
2025-11-11,fx_daily/2025/11/fx_20251111.csv,2,EUR|USD
2025-11-12,fx_daily/2025/11/fx_20251112.csv,2,EUR|USD
2025-11-13,fx_daily/2025/11/fx_20251113.csv,2,EUR|USD
2025-11-14,fx_daily/2025/11/fx_20251114.csv,2,EUR|USD
2025-11-17,fx_daily/2025/11/fx_20251117.csv,2,EUR|USD
2025-11-18,fx_daily/2025/11/fx_20251118.csv,2,EUR|USD
2025-11-19,fx_daily/2025/11/fx_20251119.csv,2,EUR|USD
2025-11-20,fx_daily/2025/11/fx_20251120.csv,2,EUR|USD
2025-11-21,fx_daily/2025/11/fx_20251121.csv,2,EUR|USD
2025-11-24,fx_daily/2025/11/fx_20251124.csv,2,EUR|USD
2025-11-25,fx_daily/2025/11/fx_20251125.csv,2,EUR|USD
2025-11-26,fx_daily/2025/11/fx_20251126.csv,2,EUR|USD
2025-11-27,fx_daily/2025/11/fx_20251127.csv,2,EUR|USD
2025-11-28,fx_daily/2025/11/fx_20251128.csv,2,EUR|USD
2025-12-01,fx_daily/2025/12/fx_20251201.csv,2,EUR|USD
2025-12-02,fx_daily/2025/12/fx_20251202.csv,2,EUR|USD
2025-12-03,fx_daily/2025/12/fx_20251203.csv,2,EUR|USD
2025-12-04,fx_daily/2025/12/fx_20251204.csv,2,EUR|USD
2025-12-08,fx_daily/2025/12/fx_20251208.csv,2,EUR|USD
2025-12-09,fx_daily/2025/12/fx_20251209.csv,2,EUR|USD
2025-12-11,fx_daily/2025/12/fx_20251211.csv,2,EUR|USD
2025-12-12,fx_daily/2025/12/fx_20251212.csv,2,EUR|USD
2025-12-15,fx_daily/2025/12/fx_20251215.csv,2,EUR|USD
2025-12-16,fx_daily/2025/12/fx_20251216.csv,2,EUR|USD
2025-12-17,fx_daily/2025/12/fx_20251217.csv,2,EUR|USD
2025-12-18,fx_daily/2025/12/fx_20251218.csv,2,EUR|USD
2025-12-19,fx_daily/2025/12/fx_20251219.csv,2,EUR|USD
2025-12-22,fx_daily/2025/12/fx_20251222.csv,2,EUR|USD
2025-12-23,fx_daily/2025/12/fx_20251223.csv,2,EUR|USD
2025-12-24,fx_daily/2025/12/fx_20251224.csv,2,EUR|USD
2025-12-25,fx_daily/2025/12/fx_20251225.csv,2,EUR|USD
2025-12-26,fx_daily/2025/12/fx_20251226.csv,2,EUR|USD
2025-12-29,fx_daily/2025/12/fx_20251229.csv,2,EUR|USD
2025-12-30,fx_daily/2025/12/fx_20251230.csv,2,EUR|USD
2026-01-05,fx_daily/2026/01/fx_20260105.csv,2,EUR|USD
2026-01-06,fx_daily/2026/01/fx_20260106.csv,2,EUR|USD
2026-01-07,fx_daily/2026/01/fx_20260107.csv,2,EUR|USD
2026-01-08,fx_daily/2026/01/fx_20260108.csv,2,EUR|USD
2026-01-09,fx_daily/2026/01/fx_20260109.csv,2,EUR|USD
2026-01-12,fx_daily/2026/01/fx_20260112.csv,2,EUR|USD
2026-01-13,fx_daily/2026/01/fx_20260113.csv,2,EUR|USD
2026-01-14,fx_daily/2026/01/fx_20260114.csv,2,EUR|USD
2026-01-15,fx_daily/2026/01/fx_20260115.csv,2,EUR|USD
2026-01-16,fx_daily/2026/01/fx_20260116.csv,2,EUR|USD
2026-01-19,fx_daily/2026/01/fx_20260119.csv,2,EUR|USD
2026-01-20,fx_daily/2026/01/fx_20260120.csv,2,EUR|USD
2026-01-21,fx_daily/2026/01/fx_20260121.csv,2,EUR|USD
2026-01-22,fx_daily/2026/01/fx_20260122.csv,2,EUR|USD
2026-01-23,fx_daily/2026/01/fx_20260123.csv,2,EUR|USD
2026-01-26,fx_daily/2026/01/fx_20260126.csv,2,EUR|USD
2026-01-27,fx_daily/2026/01/fx_20260127.csv,2,EUR|USD
2026-01-28,fx_daily/2026/01/fx_20260128.csv,2,EUR|USD
2026-01-29,fx_daily/2026/01/fx_20260129.csv,2,EUR|USD
2026-01-30,fx_daily/2026/01/fx_20260130.csv,2,EUR|USD
2026-02-02,fx_daily/2026/02/fx_20260202.csv,2,EUR|USD
2026-02-03,fx_daily/2026/02/fx_20260203.csv,2,EUR|USD
2026-02-04,fx_daily/2026/02/fx_20260204.csv,2,EUR|USD
2026-02-05,fx_daily/2026/02/fx_20260205.csv,2,EUR|USD
2026-02-06,fx_daily/2026/02/fx_20260206.csv,2,EUR|USD
2026-02-09,fx_daily/2026/02/fx_20260209.csv,2,EUR|USD
2026-02-10,fx_daily/2026/02/fx_20260210.csv,2,EUR|USD
2026-02-11,fx_daily/2026/02/fx_20260211.csv,2,EUR|USD
2026-02-12,fx_daily/2026/02/fx_20260212.csv,2,EUR|USD
2026-02-13,fx_daily/2026/02/fx_20260213.csv,2,EUR|USD
2026-02-16,fx_daily/2026/02/fx_20260216.csv,2,EUR|USD
2026-02-17,fx_daily/2026/02/fx_20260217.csv,2,EUR|USD
2026-02-18,fx_daily/2026/02/fx_20260218.csv,2,EUR|USD
2026-02-19,fx_daily/2026/02/fx_20260219.csv,2,EUR|USD
2026-02-20,fx_daily/2026/02/fx_20260220.csv,2,EUR|USD
2026-02-23,fx_daily/2026/02/fx_20260223.csv,2,EUR|USD
2026-02-24,fx_daily/2026/02/fx_20260224.csv,2,EUR|USD
2026-02-25,fx_daily/2026/02/fx_20260225.csv,2,EUR|USD
2026-02-26,fx_daily/2026/02/fx_20260226.csv,2,EUR|USD
2026-02-27,fx_daily/2026/02/fx_20260227.csv,2,EUR|USD
2026-03-02,fx_daily/2026/03/fx_20260302.csv,2,EUR|USD
2026-03-04,fx_daily/2026/03/fx_20260304.csv,2,EUR|USD
2026-03-05,fx_daily/2026/03/fx_20260305.csv,2,EUR|USD
2026-03-06,fx_daily/2026/03/fx_20260306.csv,2,EUR|USD
2026-03-09,fx_daily/2026/03/fx_20260309.csv,2,EUR|USD
2026-03-10,fx_daily/2026/03/fx_20260310.csv,2,EUR|USD
2026-03-11,fx_daily/2026/03/fx_20260311.csv,2,EUR|USD
2026-03-12,fx_daily/2026/03/fx_20260312.csv,2,EUR|USD
2026-03-13,fx_daily/2026/03/fx_20260313.csv,2,EUR|USD
2026-03-16,fx_daily/2026/03/fx_20260316.csv,2,EUR|USD
2026-03-17,fx_daily/2026/03/fx_20260317.csv,2,EUR|USD
2026-03-18,fx_daily/2026/03/fx_20260318.csv,2,EUR|USD
2026-03-19,fx_daily/2026/03/fx_20260319.csv,2,EUR|USD
2026-03-20,fx_daily/2026/03/fx_20260320.csv,2,EUR|USD
2026-03-23,fx_daily/2026/03/fx_20260323.csv,2,EUR|USD
2026-03-24,fx_daily/2026/03/fx_20260324.csv,2,EUR|USD
2026-03-25,fx_daily/2026/03/fx_20260325.csv,2,EUR|USD
2026-03-26,fx_daily/2026/03/fx_20260326.csv,2,EUR|USD
2026-03-27,fx_daily/2026/03/fx_20260327.csv,2,EUR|USD
2026-03-30,fx_daily/2026/03/fx_20260330.csv,2,EUR|USD
2026-03-31,fx_daily/2026/03/fx_20260331.csv,2,EUR|USD
2026-04-01,fx_daily/2026/04/fx_20260401.csv,2,EUR|USD
2026-04-02,fx_daily/2026/04/fx_20260402.csv,2,EUR|USD
2026-04-03,fx_daily/2026/04/fx_20260403.csv,2,EUR|USD
2026-04-07,fx_daily/2026/04/fx_20260407.csv,2,EUR|USD
2026-04-08,fx_daily/2026/04/fx_20260408.csv,2,EUR|USD
2026-04-09,fx_daily/2026/04/fx_20260409.csv,2,EUR|USD
2026-04-10,fx_daily/2026/04/fx_20260410.csv,2,EUR|USD
2026-04-16,fx_daily/2026/04/fx_20260416.csv,2,EUR|USD
2026-04-17,fx_daily/2026/04/fx_20260417.csv,2,EUR|USD
2026-04-20,fx_daily/2026/04/fx_20260420.csv,2,EUR|USD
2026-04-21,fx_daily/2026/04/fx_20260421.csv,2,EUR|USD
2026-04-22,fx_daily/2026/04/fx_20260422.csv,2,EUR|USD
2026-04-23,fx_daily/2026/04/fx_20260423.csv,2,EUR|USD
2026-04-24,fx_daily/2026/04/fx_20260424.csv,2,EUR|USD
2026-04-27,fx_daily/2026/04/fx_20260427.csv,2,EUR|USD
2026-04-28,fx_daily/2026/04/fx_20260428.csv,2,EUR|USD
2026-04-29,fx_daily/2026/04/fx_20260429.csv,2,EUR|USD
2026-04-30,fx_daily/2026/04/fx_20260430.csv,2,EUR|USD
2026-05-05,fx_daily/2026/05/fx_20260505.csv,2,EUR|USD
2026-05-06,fx_daily/2026/05/fx_20260506.csv,2,EUR|USD
2026-05-07,fx_daily/2026/05/fx_20260507.csv,2,EUR|USD
2026-05-08,fx_daily/2026/05/fx_20260508.csv,2,EUR|USD
2026-05-11,fx_daily/2026/05/fx_20260511.csv,2,EUR|USD
2026-05-12,fx_daily/2026/05/fx_20260512.csv,2,EUR|USD
2026-05-13,fx_daily/2026/05/fx_20260513.csv,2,EUR|USD
2026-05-14,fx_daily/2026/05/fx_20260514.csv,2,EUR|USD
2026-05-15,fx_daily/2026/05/fx_20260515.csv,2,EUR|USD
2026-05-18,fx_daily/2026/05/fx_20260518.csv,2,EUR|USD
2026-05-19,fx_daily/2026/05/fx_20260519.csv,2,EUR|USD
2026-05-20,fx_daily/2026/05/fx_20260520.csv,2,EUR|USD
2026-05-21,fx_daily/2026/05/fx_20260521.csv,2,EUR|USD
2026-05-22,fx_daily/2026/05/fx_20260522.csv,2,EUR|USD
2026-05-25,fx_daily/2026/05/fx_20260525.csv,2,EUR|USD
2026-05-26,fx_daily/2026/05/fx_20260526.csv,2,EUR|USD
2026-05-27,fx_daily/2026/05/fx_20260527.csv,2,EUR|USD
2026-05-28,fx_daily/2026/05/fx_20260528.csv,2,EUR|USD
2026-05-29,fx_daily/2026/05/fx_20260529.csv,2,EUR|USD
2026-06-02,fx_daily/2026/06/fx_20260602.csv,2,EUR|USD
2026-06-04,fx_daily/2026/06/fx_20260604.csv,2,EUR|USD
2026-06-05,fx_daily/2026/06/fx_20260605.csv,2,EUR|USD
2026-06-08,fx_daily/2026/06/fx_20260608.csv,2,EUR|USD
2026-06-09,fx_daily/2026/06/fx_20260609.csv,2,EUR|USD
2026-06-10,fx_daily/2026/06/fx_20260610.csv,2,EUR|USD
2026-06-11,fx_daily/2026/06/fx_20260611.csv,2,EUR|USD
2026-06-12,fx_daily/2026/06/fx_20260612.csv,2,EUR|USD
2026-06-15,fx_daily/2026/06/fx_20260615.csv,2,EUR|USD
2026-06-16,fx_daily/2026/06/fx_20260616.csv,2,EUR|USD
2026-06-17,fx_daily/2026/06/fx_20260617.csv,2,EUR|USD
2026-06-18,fx_daily/2026/06/fx_20260618.csv,2,EUR|USD
2026-06-19,fx_daily/2026/06/fx_20260619.csv,2,EUR|USD
2026-06-22,fx_daily/2026/06/fx_20260622.csv,2,EUR|USD
2026-06-23,fx_daily/2026/06/fx_20260623.csv,2,EUR|USD
2026-06-24,fx_daily/2026/06/fx_20260624.csv,2,EUR|USD
2026-06-25,fx_daily/2026/06/fx_20260625.csv,2,EUR|USD
2026-06-26,fx_daily/2026/06/fx_20260626.csv,2,EUR|USD
2026-06-29,fx_daily/2026/06/fx_20260629.csv,2,EUR|USD
2026-06-30,fx_daily/2026/06/fx_20260630.csv,2,EUR|USD
2026-07-01,fx_daily/2026/07/fx_20260701.csv,2,EUR|USD
2026-07-02,fx_daily/2026/07/fx_20260702.csv,2,EUR|USD
2026-07-03,fx_daily/2026/07/fx_20260703.csv,2,EUR|USD
2026-07-06,fx_daily/2026/07/fx_20260706.csv,2,EUR|USD
2026-07-07,fx_daily/2026/07/fx_20260707.csv,2,EUR|USD
2026-07-08,fx_daily/2026/07/fx_20260708.csv,2,EUR|USD
2026-07-09,fx_daily/2026/07/fx_20260709.csv,2,EUR|USD
2026-07-10,fx_daily/2026/07/fx_20260710.csv,2,EUR|USD
2026-07-13,fx_daily/2026/07/fx_20260713.csv,2,EUR|USD
2026-07-14,fx_daily/2026/07/fx_20260714.csv,2,EUR|USD
2026-07-15,fx_daily/2026/07/fx_20260715.csv,2,EUR|USD
2026-07-16,fx_daily/2026/07/fx_20260716.csv,2,EUR|USD
2026-07-17,fx_daily/2026/07/fx_20260717.csv,2,EUR|USD
2026-07-20,fx_daily/2026/07/fx_20260720.csv,2,EUR|USD
2026-07-21,fx_daily/2026/07/fx_20260721.csv,2,EUR|USD
